Database,group,Term,Count,Enrichment,PValue,Genes
GO_BP,mouse,anaphase-promoting ubiquitination,9,3.6604683195592287,0.001425427,"ANAPC13, CDC23, CDC26, CDC27, CDC16, ANAPC4, ANAPC5, ANAPC1, ANAPC2"
GO_BP,mouse,mitochondrial electron transport,5,4.067187021732476,0.024525848,"UQCRC1, UQCR10, UQCRC2, CYC1, UQCRH"
KEGG,mouse,TCA cycle,8,2.6562978673264994,0.023095239,"MDH1, IDH3G, OGDH, SUCLG2, ACO1, SDHC, SDHB, IDH3A"
KEGG,mouse,nucleotide excision repair,12,2.082779009608278,0.022417529,"CUL4A, POLR2M, CDK7, RFC3, CCNH, POLR2C, POLR2D, POLE3, XPA, POLR2I, MNAT1, POLE"
GO_BP,mouse,protein urmylation,3,7.320936639118458,0.050695596,"CTU2, CTU1, MOCS3"
GO_CC,mouse,respiratory chain,11,1.8986349206349205,0.054836348,"NDUFA8, NDUFA13, NDUFB7, NDUFS6, NDUFB5, UQCRC1, NDUFC2, UQCR10, UQCRC2, CYC1, UQCRH"
REACTOME,human,response to elevated Ca2+,20,2.4143652322843074,2.3614097370180554E-4,"CHID1, CAP1, CD63, TGFB2, SPARC, WDR1, TEX264, ACTN1, ANXA5, TF, SCCPDH, PSAP, FLNA, MAGED2, TAGLN2, NHLRC2, PFN1, ALDOA, TLN1, VCL"
REACTOME,human,cell-cell communication,23,2.2048835430125804,3.12098925000262E-4,"PRDM8, CD151, JUP, SRC, ACTN1, CTNND1, CASK, IQGAP1, PVR, AMOT, CDH6, MOV10, PARD6B, ILF3, AGO1, FLNA, CD47, FLNC, SPTAN1, SDK2, LIMS1, NECTIN1, PLEC"
REACTOME,human,signaling by Rho GTPases,90,1.3364254019250266,0.002046918,"ZNF512B, CYFIP2, CYFIP1, SOWAHC, ARPC1B, CCP110, OSBPL11, AKAP12, PREX1, PPP1CC, TUBB6, BASP1, NUF2, EFHD2, FLOT1, RAC3, SPDL1, ARHGEF40, SPTAN1, YWHAG, DSP, ATP6AP1, ACTN1, ARHGEF17, PPP2R5A, MRTFA, OCRL, PPP2R5C, ARAP1, RHOC, LEMD3, CKAP4, RHOB, NIPSNAP2, CIT, VAV2, ARMCX3, MYL6, TUBB2A, MYH9, TAX1BP3, NUP98, PFN1, MYL9, DBN1, ITGB3BP, PAFAH1B1, MTMR1, DYNC1I2, ROCK2, SRC, GPS1, SLC1A5, IQGAP1, IQGAP2, IQGAP3, GNA13, NCKIPSD, ABR, FGD4, KLC4, PARD6B, KLC2, DDRGK1, MYO6, FLNA, CKB, MYH10, WASF3, SCAI, RANBP2, BCAP31, SPEN, FARP2, JAG1, JUP, NDUFA5, KIDINS220, MCAM, PTPN13, BAIAP2, TUBB4A, NDC80, MPP7, CCDC88A, VANGL2, PRC1, PIN1, VIM, ESYT1"
REACTOME,human,degranulation,54,1.4367936770083756,0.004284335,"CYFIP1, PYGB, RAB3A, ATP8A1, SLC44A2, HEXB, SRP14, PGM2, ITGAV, CAPN1, SPTAN1, CTSD, DSP, CAP1, ARSA, ATP6AP2, ANO6, ARMC8, ILF2, CKAP4, ACLY, PLEKHO2, CD47, ALDOA, CD44, VCL, CSTB, CD63, RAB5B, PDXK, GSTP1, MGST1, PRCP, IQGAP1, IQGAP2, GNS, CST3, CNN2, SDCBP, PGRMC1, PSAP, S100A11, VAT1, XRCC6, GSN, JUP, GCA, XRCC5, STK11IP, IDH1, GGH, PRDX6, GALNS, GLB1"
REACTOME,human,semaphorin interactions,15,2.5732050501977484,9.199573963146812E-4,"FARP2, GSK3B, ROCK2, CRMP1, RHOC, RHOB, MYL6, RRAS, DPYSL5, DPYSL3, MYH9, TLN1, MYH10, MYL9, PLXNA3"
GO_BP,human,cellular mRNA localization,5,5.561516452074392,0.005811931,"FUBP3, STAU1, KIF5C, STAU2, BICD1"
KEGG,human,pentose/glucuronate interconversions,5,3.9710968379446645,0.024872780528643435,"UGDH, UGP2, DCXR, AKR1A1, SORD"
GO_CC,human,intermediate filament,14,2.6320987654320986,0.001190077,"DSP, JUP, KRT8, LMNB2, KRT73, GFAP, NCKIPSD, KRT18, LMNA, NEFL, VIM, NES, INA, PLEC"
REACTOME,human,sphingolipid metabolism,12,1.9079374030734526,0.039902922,"GLTP, ARSA, SMPD4, SPTLC1, GLB1, HEXB, PSAP, PRKD2, ESYT1, KDSR, PLPP3, CERS2"
