"gene","gene_mouse","q.ord","log2_fc","description.short","description_STRING","log10_mean","pathway","group"
"ANAPC2","Anapc2",0.00167311700225149,-2.22998448529934,"anaphase promoting complex subunit 2 [Source:MGI Symbol;Acc:MGI:2139135]","Anaphase promoting complex subunit 2; Together with the RING-H2 protein ANAPC11, constitutes the catalytic component of the anaphase promoting complex/cyclosome (APC/C), a cell cycle-regulated E3 ubiquitin ligase that controls progression through mitosis and the G1 phase of the cell cycle. The APC/C complex acts by mediating ubiquitination and subsequent degradation of target proteins: it mainly mediates the formation of 'Lys-11'-linked polyubiquitin chains and, to a lower extent, the formation of 'Lys-48'- and 'Lys-63'-linked polyubiquitin chains. The CDC20-APC/C complex positively regulates the formation of synaptic vesicle clustering at active zone to the presynaptic membrane in postmitotic neurons. CDC20-APC/C-induced degradation of NEUROD2 drives presynaptic differentiation.",4.3151299216237,"anaphase-promoting ubiquitination","mouse"
"CDC27","Cdc27",0.000783081181029442,-2.18347011558585,"cell division cycle 27 [Source:MGI Symbol;Acc:MGI:102685]","Cell division cycle protein 27 homolog; Component of the anaphase promoting complex/cyclosome (APC/C), a cell cycle-regulated E3 ubiquitin ligase that controls progression through mitosis and the G1 phase of the cell cycle. The APC/C complex acts by mediating ubiquitination and subsequent degradation of target proteins: it mainly mediates the formation of 'Lys-11'-linked polyubiquitin chains and, to a lower extent, the formation of 'Lys-48'- and 'Lys-63'-linked polyubiquitin chains.",4.17335670865291,"anaphase-promoting ubiquitination","mouse"
"ANAPC5","Anapc5",0.00166356205027711,-1.71764471334776,"anaphase-promoting complex subunit 5 [Source:MGI Symbol;Acc:MGI:1929722]","Anaphase promoting complex subunit 5; Component of the anaphase promoting complex/cyclosome (APC/C), a cell cycle-regulated E3 ubiquitin ligase that controls progression through mitosis and the G1 phase of the cell cycle. The APC/C complex acts by mediating ubiquitination and subsequent degradation of target proteins: it mainly mediates the formation of 'Lys-11'-linked polyubiquitin chains and, to a lower extent, the formation of 'Lys-48'- and 'Lys-63'-linked polyubiquitin chains.",4.32191021090725,"anaphase-promoting ubiquitination","mouse"
"ANAPC1","Anapc1",0.000861899014580912,-1.42815450934721,"anaphase promoting complex subunit 1 [Source:MGI Symbol;Acc:MGI:103097]","Anaphase promoting complex subunit 1; Component of the anaphase promoting complex/cyclosome (APC/C), a cell cycle-regulated E3 ubiquitin ligase that controls progression through mitosis and the G1 phase of the cell cycle. The APC/C complex acts by mediating ubiquitination and subsequent degradation of target proteins: it mainly mediates the formation of 'Lys-11'-linked polyubiquitin chains and, to a lower extent, the formation of 'Lys-48'- and 'Lys-63'-linked polyubiquitin chains; Belongs to the APC1 family.",4.0824018814239,"anaphase-promoting ubiquitination","mouse"
"CDC26","Cdc26",0.000852418213333061,-1.41983233564847,"cell division cycle 26 [Source:MGI Symbol;Acc:MGI:1913690]","Anaphase-promoting complex subunit CDC26; Component of the anaphase promoting complex/cyclosome (APC/C), a cell cycle-regulated E3 ubiquitin ligase that controls progression through mitosis and the G1 phase of the cell cycle. The APC/C complex acts by mediating ubiquitination and subsequent degradation of target proteins: it mainly mediates the formation of 'Lys-11'-linked polyubiquitin chains and, to a lower extent, the formation of 'Lys-48'- and 'Lys-63'-linked polyubiquitin chains. May recruit the E2 ubiquitin-conjugating enzymes to the complex.",5.19043477306273,"anaphase-promoting ubiquitination","mouse"
"CDC23","Cdc23",0.00237575610495786,-1.33925900507788,"CDC23 cell division cycle 23 [Source:MGI Symbol;Acc:MGI:1098815]","Cell division cycle protein 23 homolog; Component of the anaphase promoting complex/cyclosome (APC/C), a cell cycle-regulated E3 ubiquitin ligase that controls progression through mitosis and the G1 phase of the cell cycle. The APC/C complex acts by mediating ubiquitination and subsequent degradation of target proteins: it mainly mediates the formation of 'Lys-11'-linked polyubiquitin chains and, to a lower extent, the formation of 'Lys-48'- and 'Lys-63'-linked polyubiquitin chains; Belongs to the APC8/CDC23 family.",4.70852489158583,"anaphase-promoting ubiquitination","mouse"
"ANAPC4","Anapc4",0.00230439746262466,-1.22224887160497,"anaphase promoting complex subunit 4 [Source:MGI Symbol;Acc:MGI:1098673]","Anaphase promoting complex subunit 4; Component of the anaphase promoting complex/cyclosome (APC/C), a cell cycle-regulated E3 ubiquitin ligase that controls progression through mitosis and the G1 phase of the cell cycle. The APC/C complex acts by mediating ubiquitination and subsequent degradation of target proteins: it mainly mediates the formation of 'Lys-11'-linked polyubiquitin chains and, to a lower extent, the formation of 'Lys-48'- and 'Lys-63'-linked polyubiquitin chains.",4.77077727040798,"anaphase-promoting ubiquitination","mouse"
"IDH3G","Idh3g",0.00130114217274731,-2.12336431327669,"isocitrate dehydrogenase 3 (NAD+), gamma [Source:MGI Symbol;Acc:MGI:1099463]","Isocitrate dehydrogenase [NAD] subunit gamma, mitochondrial; Regulatory subunit which plays a role in the allosteric regulation of the enzyme catalyzing the decarboxylation of isocitrate (ICT) into alpha-ketoglutarate. The heterodimer composed of the alpha (IDH3A) and beta (IDH3B) subunits and the heterodimer composed of the alpha (IDH3A) and gamma (IDH3G) subunits, have considerable basal activity but the full activity of the heterotetramer (containing two subunits of IDH3A, one of IDH3B and one of IDH3G) requires the assembly and cooperative function of both heterodimers.",4.50912063856311,"TCA cycle","mouse"
"IDH3A","Idh3a",0.000315463646692469,-1.89535275394418,"isocitrate dehydrogenase 3 (NAD+) alpha [Source:MGI Symbol;Acc:MGI:1915084]","Isocitrate dehydrogenase [NAD] subunit alpha, mitochondrial; Catalytic subunit of the enzyme which catalyzes the decarboxylation of isocitrate (ICT) into alpha-ketoglutarate. The heterodimer composed of the alpha (IDH3A) and beta (IDH3B) subunits and the heterodimer composed of the alpha (IDH3A) and gamma (IDH3G) subunits, have considerable basal activity but the full activity of the heterotetramer (containing two subunits of IDH3A, one of IDH3B and one of IDH3G) requires the assembly and cooperative function of both heterodimers.",5.25280649640395,"TCA cycle","mouse"
"MDH1","Mdh1",0.000119466052463542,-1.75492093768258,"malate dehydrogenase 1, NAD (soluble) [Source:MGI Symbol;Acc:MGI:97051]","Malate dehydrogenase 1, NAD (soluble); Malate dehydrogenase 1; Belongs to the LDH/MDH superfamily. MDH type 2 family.",6.08298210470709,"TCA cycle","mouse"
"ACO1","Aco1",0.000298814088755241,-1.60994283946081,"aconitase 1 [Source:MGI Symbol;Acc:MGI:87879]","Iron-responsive element-binding protein 1; Iron sensor. Binds a 4Fe-4S cluster and functions as aconitase when cellular iron levels are high. Functions as mRNA binding protein that regulates uptake, sequestration and utilization of iron when cellular iron levels are low. Binds to iron-responsive elements (IRES) in target mRNA species when iron levels are low. Binding of a 4Fe-4S cluster precludes RNA binding.",4.7936809575644,"TCA cycle","mouse"
"SDHB","Sdhb",0.000280015941713855,-1.42403038628715,"succinate dehydrogenase complex, subunit B, iron sulfur (Ip) [Source:MGI Symbol;Acc:MGI:1914930]","Succinate dehydrogenase [ubiquinone] iron-sulfur subunit, mitochondrial; Iron-sulfur protein (IP) subunit of succinate dehydrogenase (SDH) that is involved in complex II of the mitochondrial electron transport chain and is responsible for transferring electrons from succinate to ubiquinone (coenzyme Q).",5.56650361433309,"TCA cycle","mouse"
"OGDH","Ogdh",0.00170192374601135,-1.07634053136626,"oxoglutarate (alpha-ketoglutarate) dehydrogenase (lipoamide) [Source:MGI Symbol;Acc:MGI:1098267]","Oxoglutarate (alpha-ketoglutarate) dehydrogenase (lipoamide); The 2-oxoglutarate dehydrogenase complex catalyzes the overall conversion of 2-oxoglutarate to succinyl-CoA and CO(2). It contains multiple copies of three enzymatic components: 2- oxoglutarate dehydrogenase (E1), dihydrolipoamide succinyltransferase (E2) and lipoamide dehydrogenase (E3).",4.6283075788644,"TCA cycle","mouse"
"SUCLG2","Suclg2",0.000111482349017361,-1.01443122410367,"succinate-Coenzyme A ligase, GDP-forming, beta subunit [Source:MGI Symbol;Acc:MGI:1306824]","Succinate--CoA ligase [GDP-forming] subunit beta, mitochondrial; GTP-specific succinyl-CoA synthetase functions in the citric acid cycle (TCA), coupling the hydrolysis of succinyl-CoA to the synthesis of GTP and thus represents the only step of substrate-level phosphorylation in the TCA. The beta subunit provides nucleotide specificity of the enzyme and binds the substrate succinate, while the binding sites for coenzyme A and phosphate are found in the alpha subunit.",5.0859222839883,"TCA cycle","mouse"
"POLR2M","Polr2m",0.000344506890835461,-3.19235268163377,"polymerase (RNA) II (DNA directed) polypeptide M [Source:MGI Symbol;Acc:MGI:107282]","Polymerase (RNA) II (DNA directed) polypeptide M; Isoform 1 appears to be a stable component of the Pol II(G) complex form of RNA polymerase II (Pol II). Pol II synthesizes mRNA precursors and many functional non-coding RNAs and is the central component of the basal RNA polymerase II transcription machinery. Isoform 1 may play a role in the Mediator complex-dependent regulation of transcription activation. Isoform 1 acts in vitro as a negative regulator of transcriptional activation; this repression is relieved by the Mediator complex, which restores Pol II(G) activator-dependent transcription to a level equivalent to that of Pol II; Belongs to the GRINL1 family.",5.6535099306556,"nucleotide excision repair","mouse"
"CUL4A","Cul4a",0.000234935528441473,-3.0754556608326,"cullin 4A [Source:MGI Symbol;Acc:MGI:1914487]","Cullin 4A; Core component of multiple cullin-RING-based E3 ubiquitin-protein ligase complexes which mediate the ubiquitination of target proteins. As a scaffold protein may contribute to catalysis through positioning of the substrate and the ubiquitin-conjugating enzyme. The E3 ubiquitin-protein ligase activity of the complex is dependent on the neddylation of the cullin subunit and is inhibited by the association of the deneddylated cullin subunit with TIP120A/CAND1. The functional specificity of the E3 ubiquitin-protein ligase complex depends on the variable substrate recognition component. DCX(DET1-COP1) directs ubiquitination of JUN. DCX(DDB2) directs ubiquitination of XPC. DCX(DDB2) ubiquitinates histones H3-H4 and is required for efficient histone deposition during replication-coupled (H3.1) and replication-independent (H3.3) nucleosome assembly, probably by facilitating the transfer of H3 from ASF1A/ASF1B to other chaperones involved in histone deposition. DCX(DTL) plays a role in PCNA-dependent polyubiquitination of CDT1 and MDM2-dependent ubiquitination of TP53 in response to radiation-induced DNA damage and during DNA replication. In association with DDB1 and SKP2 probably is involved in ubiquitination of CDKN1B/p27kip. Is involved in ubiquitination of HOXA9. DCX(DTL) directs autoubiquitination of DTL.",5.28886951551638,"nucleotide excision repair","mouse"
"POLE3","Pole3",0.000770440180259936,-2.56159564609231,"polymerase (DNA directed), epsilon 3 (p17 subunit) [Source:MGI Symbol;Acc:MGI:1933378]","Polymerase (DNA directed), epsilon 3, accessory subunit; Forms a complex with DNA polymerase epsilon subunit CHRAC1 and binds naked DNA, which is then incorporated into chromatin, aided by the nucleosome-remodeling activity of ISWI/SNF2H and ACF1.",4.86090458319196,"nucleotide excision repair","mouse"
"XPA","Xpa",0.000721046487994117,-2.31247691817541,"xeroderma pigmentosum, complementation group A [Source:MGI Symbol;Acc:MGI:99135]","Xeroderma pigmentosum group A-complementing protein; Involved in DNA excision repair. Initiates repair by binding to damaged sites with various affinities, depending on the photoproduct and the transcriptional state of the region. Required for UV-induced CHEK1 phosphorylation and the recruitment of CEP164 to cyclobutane pyrimidine dimmers (CPD), sites of DNA damage after UV irradiation; Belongs to the XPA family.",4.21474497430707,"nucleotide excision repair","mouse"
"MNAT1","Mnat1",0.000167296562816124,-2.19372158353947,"menage a trois 1 [Source:MGI Symbol;Acc:MGI:106207]","MNAT CDK-activating kinase assembly factor 1; Stabilizes the cyclin H-CDK7 complex to form a functional CDK-activating kinase (CAK) enzymatic complex. CAK activates the cyclin-associated kinases CDK1, CDK2, CDK4 and CDK6 by threonine phosphorylation. CAK complexed to the core-TFIIH basal transcription factor activates RNA polymerase II by serine phosphorylation of the repetitive C-terminal domain (CTD) of its large subunit (POLR2A), allowing its escape from the promoter and elongation of the transcripts. Involved in cell cycle control and in RNA transcription by RNA polymerase II; Nucleotide excision repair",4.57309600664942,"nucleotide excision repair","mouse"
"CCNH","Ccnh",0.00143257672988681,-1.87642168001741,"cyclin H [Source:MGI Symbol;Acc:MGI:1913921]","MO15-associated protein; Regulates CDK7, the catalytic subunit of the CDK- activating kinase (CAK) enzymatic complex. CAK activates the cyclin-associated kinases CDK1, CDK2, CDK4 and CDK6 by threonine phosphorylation. CAK complexed to the core-TFIIH basal transcription factor activates RNA polymerase II by serine phosphorylation of the repetitive C-terminal domain (CTD) of its large subunit (POLR2A), allowing its escape from the promoter and elongation of the transcripts. Involved in cell cycle control and in RNA transcription by RNA polymerase II. Its expression and activity are constant throughout the cell cycle.",4.34753699317406,"nucleotide excision repair","mouse"
"POLR2D","Polr2d",0.00103286752418978,-1.67148664012839,"polymerase (RNA) II (DNA directed) polypeptide D [Source:MGI Symbol;Acc:MGI:1916491]","Polymerase (RNA) II (DNA directed) polypeptide D; DNA-dependent RNA polymerase catalyzes the transcription of DNA into RNA using the four ribonucleoside triphosphates as substrates. Component of RNA polymerase II which synthesizes mRNA precursors and many functional non-coding RNAs. Pol II is the central component of the basal RNA polymerase II transcription machinery. It is composed of mobile elements that move relative to each other. RPB4 is part of a subcomplex with RPB7 that binds to a pocket formed by RPB1, RPB2 and RPB6 at the base of the clamp element. The RBP4-RPB7 subcomplex seems to lock the clamp via RPB7 in the closed conformation thus preventing double-stranded DNA to enter the active site cleft. The RPB4-RPB7 subcomplex binds single-stranded DNA and RNA (By similarity).",4.82606690260592,"nucleotide excision repair","mouse"
"CTU1","Ctu1",0.00983518519529501,-2.13834965220691,"cytosolic thiouridylase subunit 1 [Source:MGI Symbol;Acc:MGI:2385277]","ATP-binding domain-containing protein 3; Plays a central role in 2-thiolation of mcm(5)S(2)U at tRNA wobble positions of tRNA(Lys), tRNA(Glu) and tRNA(Gln). Directly binds tRNAs and probably acts by catalyzing adenylation of tRNAs, an intermediate required for 2-thiolation. It is unclear whether it acts as a sulfurtransferase that transfers sulfur from thiocarboxylated URM1 onto the uridine of tRNAs at wobble position.",4.11572157647605,"protein urmylation","mouse"
"CTU2","Ctu2",0.000963233483162606,-1.57060107251434,"cytosolic thiouridylase subunit 2 [Source:MGI Symbol;Acc:MGI:1914215]","Cytosolic thiouridylase subunit 2 homolog (S. pombe); Plays a central role in 2-thiolation of mcm(5)S(2)U at tRNA wobble positions of tRNA(Lys), tRNA(Glu) and tRNA(Gln). May act by forming a heterodimer with CTU1/ATPBD3 that ligates sulfur from thiocarboxylated URM1 onto the uridine of tRNAs at wobble position.",4.26459276168241,"protein urmylation","mouse"
"MOCS3","Mocs3",0.000620208475632283,-1.49501433697931,"molybdenum cofactor synthesis 3 [Source:MGI Symbol;Acc:MGI:1916622]","Adenylyltransferase and sulfurtransferase MOCS3; Plays a central role in 2-thiolation of mcm(5)S(2)U at tRNA wobble positions of cytosolic tRNA(Lys), tRNA(Glu) and tRNA(Gln). Also essential during biosynthesis of the molybdenum cofactor. Acts by mediating the C-terminal thiocarboxylation of sulfur carriers URM1 and MOCS2A. Its N-terminus first activates URM1 and MOCS2A as acyl-adenylates (-COAMP), then the persulfide sulfur on the catalytic cysteine is transferred to URM1 and MOCS2A to form thiocarboxylation (-COSH) of their C-terminus. The reaction probably involves hydrogen sulfide that is generated from the persulfide intermediate and that acts as nucleophile towards URM1 and MOCS2A. Subsequently, a transient disulfide bond is formed. Does not use thiosulfate as sulfur donor; NFS1 probably acting as a sulfur donor for thiocarboxylation reactions; In the N-terminal section; belongs to the HesA/MoeB/ThiF family. UBA4 subfamily.",4.64124953828975,"protein urmylation","mouse"
"NDUFC2","Ndufc2",0.000711436781082047,-1.9233778231162,"NADH:ubiquinone oxidoreductase subunit C2 [Source:MGI Symbol;Acc:MGI:1344370]","NADH dehydrogenase (ubiquinone) 1, subcomplex unknown, 2, 14.5kDa; Accessory subunit of the mitochondrial membrane respiratory chain NADH dehydrogenase (Complex I), that is believed not to be involved in catalysis. Complex I functions in the transfer of electrons from NADH to the respiratory chain. The immediate electron acceptor for the enzyme is believed to be ubiquinone.",5.47773562240176,"respiratory chain","mouse"
"UQCRH","Uqcrh",0.000332803385248721,-1.69958181401739,"ubiquinol-cytochrome c reductase hinge protein [Source:MGI Symbol;Acc:MGI:1913826]","Ubiquinol-cytochrome c reductase complex 11 kDa protein; This is a component of the ubiquinol-cytochrome c reductase complex (complex III or cytochrome b-c1 complex), which is part of the mitochondrial respiratory chain. This protein may mediate formation of the complex between cytochromes c and c1; Belongs to the UQCRH/QCR6 family.",5.73542410550447,"respiratory chain","mouse"
"UQCRC2","Uqcrc2",0.000685867846617539,-1.5679456922857,"ubiquinol cytochrome c reductase core protein 2 [Source:MGI Symbol;Acc:MGI:1914253]","Ubiquinol-cytochrome-c reductase complex core protein 2; This is a component of the ubiquinol-cytochrome c reductase complex (complex III or cytochrome b-c1 complex), which is part of the mitochondrial respiratory chain. The core protein 2 is required for the assembly of the complex; M16 metallopeptidases",5.38190441464189,"respiratory chain","mouse"
"NDUFB5","Ndufb5",0.000413866130122032,-1.24762932106715,"NADH:ubiquinone oxidoreductase subunit B5 [Source:MGI Symbol;Acc:MGI:1913296]","NADH dehydrogenase [ubiquinone] 1 beta subcomplex subunit 5, mitochondrial; Accessory subunit of the mitochondrial membrane respiratory chain NADH dehydrogenase (Complex I), that is believed not to be involved in catalysis. Complex I functions in the transfer of electrons from NADH to the respiratory chain. The immediate electron acceptor for the enzyme is believed to be ubiquinone.",5.33352879544955,"respiratory chain","mouse"
"NDUFA13","Ndufa13",0.000298757954015442,-1.15662192710681,"NADH:ubiquinone oxidoreductase subunit A13 [Source:MGI Symbol;Acc:MGI:1914434]","Gene associated with retinoic and interferon-induced mortality 19 protein; Accessory subunit of the mitochondrial membrane respiratory chain NADH dehydrogenase (Complex I), that is believed not to be involved in catalysis. Complex I functions in the transfer of electrons from NADH to the respiratory chain. The immediate electron acceptor for the enzyme is believed to be ubiquinone. Involved in the interferon/all-trans-retinoic acid (IFN/RA) induced cell death. This apoptotic activity is inhibited by interaction with viral IRF1. Prevents the transactivation of STAT3 target genes. May play a role in CARD15-mediated innate mucosal responses and serve to regulate intestinal epithelial cell responses to microbes; NADH:ubiquinone oxidoreductase supernumerary subunits",5.73578114598042,"respiratory chain","mouse"
"NDUFB7","Ndufb7",0.000729632967166315,-1.07760811398536,"NADH:ubiquinone oxidoreductase subunit B7 [Source:MGI Symbol;Acc:MGI:1914166]","NADH dehydrogenase (ubiquinone) 1 beta subcomplex, 7, 18kDa; Accessory subunit of the mitochondrial membrane respiratory chain NADH dehydrogenase (Complex I), that is believed not to be involved in catalysis. Complex I functions in the transfer of electrons from NADH to the respiratory chain. The immediate electron acceptor for the enzyme is believed to be ubiquinone.",4.89658205547251,"respiratory chain","mouse"
"UQCRC1","Uqcrc1",0.000158948541092051,-1.05440762735576,"ubiquinol-cytochrome c reductase core protein 1 [Source:MGI Symbol;Acc:MGI:107876]","Ubiquinol-cytochrome-c reductase complex core protein 1; This is a component of the ubiquinol-cytochrome c reductase complex (complex III or cytochrome b-c1 complex), which is part of the mitochondrial respiratory chain. This protein may mediate formation of the complex between cytochromes c and c1; M16 metallopeptidases",5.40425281387446,"respiratory chain","mouse"
"TGFB2","Tgfb2",6.89338097600208e-05,3.70696471380825,"transforming growth factor, beta 2 [Source:MGI Symbol;Acc:MGI:98726]","Glioblastoma-derived T-cell suppressor factor; TGF-beta 2 has suppressive effects on interleukin-2 dependent T-cell growth; Endogenous ligands",4.46025366498652,"response to elevated Ca2+","human"
"SPARC","Sparc",7.75196292719143e-05,3.33857080848228,"secreted acidic cysteine rich glycoprotein [Source:MGI Symbol;Acc:MGI:98373]","Secreted protein, acidic, cysteine-rich (osteonectin); Appears to regulate cell growth through interactions with the extracellular matrix and cytokines. Binds calcium and copper, several types of collagen, albumin, thrombospondin, PDGF and cell membranes. There are two calcium binding sites; an acidic domain that binds 5 to 8 Ca(2+) with a low affinity and an EF-hand loop that binds a Ca(2+) ion with a high affinity; SPARC family",5.11773132479486,"response to elevated Ca2+","human"
"ANXA5","Anxa5",7.65437930880081e-05,3.05089807686931,"annexin A5 [Source:MGI Symbol;Acc:MGI:106008]","Placental anticoagulant protein 4; This protein is an anticoagulant protein that acts as an indirect inhibitor of the thromboplastin-specific complex, which is involved in the blood coagulation cascade; Annexins",6.01004288961166,"response to elevated Ca2+","human"
"CAP1","Cap1",0.000152877409900167,2.50071997454629,"CAP, adenylate cyclase-associated protein 1 (yeast) [Source:MGI Symbol;Acc:MGI:88262]","CAP, adenylate cyclase-associated protein 1 (yeast); Directly regulates filament dynamics and has been implicated in a number of complex developmental and morphological processes, including mRNA localization and the establishment of cell polarity; Belongs to the CAP family.",5.7430765402644,"response to elevated Ca2+","human"
"WDR1","Wdr1",7.29126855921773e-05,1.94625950620269,"WD repeat domain 1 [Source:MGI Symbol;Acc:MGI:1337100]","WD repeat-containing protein 1; Induces disassembly of actin filaments in conjunction with ADF/cofilin family proteins. Enhances cofilin-mediated actin severing (By similarity). Involved in cytokinesis. Involved in chemotactic cell migration by restricting lamellipodial membrane protrusions. Involved in myocardium sarcomere organization. Required for cardiomyocyte growth and maintenance (By similarity). Involved in megakaryocyte maturation and platelet shedding. Required for the establishment of planar cell polarity (PCP) during follicular epithelium development and for cell shape changes during PCP; the function seems to implicate cooperation with CFL1 and/or DSTN/ADF. Involved in the generation/maintenance of cortical tension (By similarity). Involved in assembly and maintenance of epithelial apical cell junctions and plays a role in the organization of the perijunctional actomyosin belt; WD repeat domain containing",5.385568107666,"response to elevated Ca2+","human"
"TAGLN2","Tagln2",7.54590314080346e-05,1.75358215237919,"transgelin 2 [Source:MGI Symbol;Acc:MGI:1312985]","Epididymis tissue protein Li 7e; Transgelin 2",6.29170174921026,"response to elevated Ca2+","human"
"SCCPDH","Sccpdh",0.000134186355736466,1.44791110788147,"saccharopine dehydrogenase (putative) [Source:MGI Symbol;Acc:MGI:1924486]","Saccharopine dehydrogenase-like oxidoreductase; Saccharopine dehydrogenase; Belongs to the saccharopine dehydrogenase family.",4.97126378398335,"response to elevated Ca2+","human"
"ILF3","Ilf3",8.73669940143082e-05,4.29603022079542,"interleukin enhancer binding factor 3 [Source:MGI Symbol;Acc:MGI:1339973]","Interleukin enhancer binding factor 3, 90kDa; RNA-binding protein that plays an essential role in the biogenesis of circular RNAs (circRNAs) which are produced by back- splicing circularization of pre-mRNAs. Within the nucleus, promotes circRNAs processing by stabilizing the regulatory elements residing in the flanking introns of the circularized exons. Plays thereby a role in the back-splicing of a subset of circRNAs. As a consequence, participates in a wide range of transcriptional and post-transcriptional processes. Upon viral infection, ILF3 accumulates in the cytoplasm and participates in the innate antiviral response. Mechanistically, ILF3 becomes phosphorylated and activated by the double-stranded RNA-activated protein kinase/PKR which releases ILF3 from cellular mature circRNAs. In turn, unbound ILF3 molecules are able to interact with and thus inhibit viral mRNAs.",5.57454375053237,"cell-cell communication","human"
"FLNC","Flnc",7.78919122781108e-05,3.56518531342183,"filamin C, gamma [Source:MGI Symbol;Acc:MGI:95557]","Actin-binding-like protein; Muscle-specific filamin, which plays a central role in muscle cells, probably by functioning as a large actin-cross- linking protein. May be involved in reorganizing the actin cytoskeleton in response to signaling events, and may also display structural functions at the Z lines in muscle cells. Critical for normal myogenesis and for maintaining the structural integrity of the muscle fibers.",4.58126651497163,"cell-cell communication","human"
"CTNND1","Ctnnd1",9.44728357298502e-05,3.14722035819671,"catenin (cadherin associated protein), delta 1 [Source:MGI Symbol;Acc:MGI:105100]","Catenin (cadherin-associated protein), delta 1; Binds to and inhibits the transcriptional repressor ZBTB33, which may lead to activation of target genes of the Wnt signaling pathway (By similarity). Associates with and regulates the cell adhesion properties of both C-, E- and N-cadherins, being critical for their surface stability. Implicated both in cell transformation by SRC and in ligand-induced receptor signaling through the EGF, PDGF, CSF-1 and ERBB2 receptors. Promotes GLIS2 C-terminal cleavage; Belongs to the beta-catenin family.",4.71702951508806,"cell-cell communication","human"
"CD47","Cd47",0.000137546367825011,3.10683717160261,"CD47 antigen (Rh-related antigen, integrin-associated signal transducer) [Source:MGI Symbol;Acc:MGI:96617]","Antigenic surface determinant protein OA3; Has a role in both cell adhesion by acting as an adhesion receptor for THBS1 on platelets, and in the modulation of integrins. Plays an important role in memory formation and synaptic plasticity in the hippocampus (By similarity). Receptor for SIRPA, binding to which prevents maturation of immature dendritic cells and inhibits cytokine production by mature dendritic cells. Interaction with SIRPG mediates cell-cell adhesion, enhances superantigen-dependent T-cell-mediated proliferation and costimulates T-cell activation. May play a role in membrane transport and/or integrin dependent signal transduction. May prevent premature elimination of red blood cells. May be involved in membrane permeability changes induced following virus infection; CD molecules",5.03800943591009,"cell-cell communication","human"
"CDH6","Cdh6",0.000190936284996443,2.13362390756007,"cadherin 6 [Source:MGI Symbol;Acc:MGI:107435]","Cadherin 6, type 2, K-cadherin (fetal kidney); Cadherins are calcium-dependent cell adhesion proteins. They preferentially interact with themselves in a homophilic manner in connecting cells; cadherins may thus contribute to the sorting of heterogeneous cell types.",4.05948332179695,"cell-cell communication","human"
"SPTAN1","Sptan1",0.000134186355736466,2.03159374774736,"spectrin alpha, non-erythrocytic 1 [Source:MGI Symbol;Acc:MGI:98386]","Spectrin alpha chain, non-erythrocytic 1; Fodrin, which seems to be involved in secretion, interacts with calmodulin in a calcium-dependent manner and is thus candidate for the calcium-dependent movement of the cytoskeleton at the membrane; EF-hand domain containing",3.62521552690123,"cell-cell communication","human"
"PRDM8","Prdm8",0.000134186355736466,1.8716521781426,"PR domain containing 8 [Source:MGI Symbol;Acc:MGI:1924880]","PR domain zinc finger protein 8; Probable histone methyltransferase, preferentially acting on 'Lys-9' of histone H3 (By similarity). Involved in the control of steroidogenesis through transcriptional repression of steroidogenesis marker genes such as CYP17A1 and LHCGR (By similarity). Forms with BHLHE22 a transcriptional repressor complex controlling genes involved in neural development and neuronal differentiation (By similarity). In the retina, it is required for rod bipolar and type 2 OFF-cone bipolar cell survival (By similarity); Belongs to the class V-like SAM-binding methyltransferase superfamily.",4.25630071337569,"cell-cell communication","human"
"GSN","Gsn",5.32086650626846e-05,5.10413292346184,"gelsolin [Source:MGI Symbol;Acc:MGI:95851]","Actin-depolymerizing factor; Calcium-regulated, actin-modulating protein that binds to the plus (or barbed) ends of actin monomers or filaments, preventing monomer exchange (end-blocking or capping). It can promote the assembly of monomers into filaments (nucleation) as well as sever filaments already formed. Plays a role in ciliogenesis; Gelsolin/villins",4.66746351159092,"degranulation","human"
"CNN2","Cnn2",7.49045418435735e-05,4.47817724617254,"calponin 2 [Source:MGI Symbol;Acc:MGI:105093]","Calponin H2, smooth muscle; Thin filament-associated protein that is implicated in the regulation and modulation of smooth muscle contraction. It is capable of binding to actin, calmodulin, troponin C and tropomyosin. The interaction of calponin with actin inhibits the actomyosin Mg-ATPase activity.",5.48558283851169,"degranulation","human"
"XRCC6","Xrcc6",6.58230958511581e-05,3.71702889758779,"X-ray repair complementing defective repair in Chinese hamster cells 6 [Source:MGI Symbol;Acc:MGI:95606]","X-ray repair complementing defective repair in Chinese hamster cells 6; Single-stranded DNA-dependent ATP-dependent helicase. Has a role in chromosome translocation. The DNA helicase II complex binds preferentially to fork-like ends of double-stranded DNA in a cell cycle-dependent manner. It works in the 3'-5' direction. Binding to DNA may be mediated by XRCC6. Involved in DNA non-homologous end joining (NHEJ) required for double-strand break repair and V(D)J recombination. The XRCC5/6 dimer acts as regulatory subunit of the DNA-dependent protein kinase complex DNA-PK by increasing the affinity of the catalytic subunit PRKDC to DNA by 100-fold. The XRCC5/6 dimer is probably involved in stabilizing broken DNA ends and bringing them together. The assembly of the DNA-PK complex to DNA ends is required for the NHEJ ligation step. Required for osteocalcin gene expression. Probably also acts as a 5'-deoxyribose-5-phosphate lyase (5'-dRP lyase), by catalyzing the beta-elimination of the 5' deoxyribose- 5-phosphate at an abasic site near double-strand breaks. 5'-dRP lyase activity allows to 'clean' the termini of abasic sites, a class of nucleotide damage commonly associated with strand breaks, before such broken ends can be joined. The XRCC5/6 dimer together with APEX1 acts as a negative regulator of transcription. Plays a role in the regulation of DNA virus-mediated innate immune response by assembling into the HDP-RNP complex, a complex that serves as a platform for IRF3 phosphorylation and subsequent innate immune response activation through the cGAS-STING pathway.",5.61443327850485,"degranulation","human"
"GSTP1","Gstp1",6.58230958511581e-05,3.63870519756821,"glutathione S-transferase, pi 1 [Source:MGI Symbol;Acc:MGI:95865]","Glutathione S-transferase pi 1; Conjugation of reduced glutathione to a wide number of exogenous and endogenous hydrophobic electrophiles. Regulates negatively CDK5 activity via p25/p35 translocation to prevent neurodegeneration; Soluble glutathione S-transferases",6.32990271044691,"degranulation","human"
"CAPN1","Capn1",6.58230958511581e-05,3.11226398157813,"calpain 1 [Source:MGI Symbol;Acc:MGI:88263]","Cell proliferation-inducing gene 30 protein; Calcium-regulated non-lysosomal thiol-protease which catalyzes limited proteolysis of substrates involved in cytoskeletal remodeling and signal transduction; Belongs to the peptidase C2 family.",4.54280253134445,"degranulation","human"
"PRCP","Prcp",7.78919122781108e-05,2.21596196205158,"prolylcarboxypeptidase (angiotensinase C) [Source:MGI Symbol;Acc:MGI:1919711]","Prolylcarboxypeptidase (angiotensinase C); Cleaves C-terminal amino acids linked to proline in peptides such as angiotensin II, III and des-Arg9-bradykinin. This cleavage occurs at acidic pH, but enzymatic activity is retained with some substrates at neutral pH; M14 carboxypeptidases",4.87349686968674,"degranulation","human"
"PRDX6","Prdx6",7.68714583828987e-05,1.48931571639488,"peroxiredoxin 6 [Source:MGI Symbol;Acc:MGI:894320]","Acidic calcium-independent phospholipase A2; Thiol-specific peroxidase that catalyzes the reduction of hydrogen peroxide and organic hydroperoxides to water and alcohols, respectively. Can reduce H(2)O(2) and short chain organic, fatty acid, and phospholipid hydroperoxides. Also has phospholipase activity, and can therefore either reduce the oxidized sn-2 fatty acyl grup of phospholipids (peroxidase activity) or hydrolyze the sn-2 ester bond of phospholipids (phospholipase activity). These activities are dependent on binding to phospholipids at acidic pH and to oxidized phospholipds at cytosolic pH. Plays a role in cell protection against oxidative stress by detoxifying peroxides and in phospholipid homeostasis; Peroxiredoxins",6.62279148841125,"degranulation","human"
"GNA13","Gna13",7.54915204049986e-05,4.78635242345106,"guanine nucleotide binding protein, alpha 13 [Source:MGI Symbol;Acc:MGI:95768]","Guanine nucleotide binding protein (G protein), alpha 13; Guanine nucleotide-binding proteins (G proteins) are involved as modulators or transducers in various transmembrane signaling systems. Activates effector molecule RhoA by binding and activating RhoGEFs (ARHGEF1/p115RhoGEF, ARHGEF11/PDZ-RhoGEF and ARHGEF12/LARG). GNA13-dependent Rho signaling subsequently regulates transcription factor AP-1 (activating protein-1) (By similarity). Promotes tumor cell invasion and metastasis by activating RhoA/ROCK signaling pathway. Inhibits CDH1-mediated cell adhesion in process independent from Rho activation; Belongs to the G-alpha family. G(12) subfamily.",5.87487967190446,"signaling by Rho GTPases","human"
"PPP1CC","Ppp1cc",6.58230958511581e-05,4.65025461229355,"protein phosphatase 1 catalytic subunit gamma [Source:MGI Symbol;Acc:MGI:104872]","Serine/threonine-protein phosphatase PP1-gamma catalytic subunit; Protein phosphatase that associates with over 200 regulatory proteins to form highly specific holoenzymes which dephosphorylate hundreds of biological targets. Protein phosphatase 1 (PP1) is essential for cell division, and participates in the regulation of glycogen metabolism, muscle contractility and protein synthesis. Dephosphorylates RPS6KB1. Involved in regulation of ionic conductances and long-term synaptic plasticity. May play an important role in dephosphorylating substrates such as the postsynaptic density- associated Ca(2+)/calmodulin dependent protein kinase II. Component of the PTW/PP1 phosphatase complex, which plays a role in the control of chromatin structure and cell cycle progression during the transition from mitosis into interphase. In balance with CSNK1D and CSNK1E, determines the circadian period length, through the regulation of the speed and rhythmicity of PER1 and PER2 phosphorylation. May dephosphorylate CSNK1D and CSNK1E. Dephosphorylates the 'Ser-418' residue of FOXP3 in regulatory T- cells (Treg) from patients with rheumatoid arthritis, thereby inactivating FOXP3 and rendering Treg cells functionally defective.",5.28948435692893,"signaling by Rho GTPases","human"
"GPS1","Gps1",5.51351555416968e-05,4.31993325767268,"G protein pathway suppressor 1 [Source:MGI Symbol;Acc:MGI:2384801]","JAB1-containing signalosome subunit 1; Essential component of the COP9 signalosome complex (CSN), a complex involved in various cellular and developmental processes. The CSN complex is an essential regulator of the ubiquitin (Ubl) conjugation pathway by mediating the deneddylation of the cullin subunits of SCF-type E3 ligase complexes, leading to decrease the Ubl ligase activity of SCF-type complexes such as SCF, CSA or DDB2. The complex is also involved in phosphorylation of p53/TP53, c-jun/JUN, IkappaBalpha/NFKBIA, ITPK1 and IRF8/ICSBP, possibly via its association with CK2 and PKD kinases. CSN- dependent phosphorylation of TP53 and JUN promotes and protects degradation by the Ubl system, respectively. Suppresses G- protein- and mitogen-activated protein kinase-mediated signal transduction; Belongs to the CSN1 family.",4.9003956495103,"signaling by Rho GTPases","human"
"SCAI","Scai",4.32781710990626e-06,3.98177396521488,"suppressor of cancer cell invasion [Source:MGI Symbol;Acc:MGI:2443716]","Suppressor of cancer cell invasion protein; Tumor suppressor which functions to suppress MKL1- induced SRF transcriptional activity. May function in the RHOA- DIAPH1 signal transduction pathway and regulate cell migration through transcriptional regulation of ITGB1; Belongs to the SCAI family.",4.57668740227073,"signaling by Rho GTPases","human"
"SPDL1","Spdl1",6.78027677156626e-05,2.12821992742979,"spindle apparatus coiled-coil protein 1 [Source:MGI Symbol;Acc:MGI:1917635]","Spindle apparatus coiled-coil domain-containing protein 1; Required for the localization of dynein and dynactin to the mitotic kintochore. Dynein is believed to control the initial lateral interaction between the kinetochore and spindle microtubules and to facilitate the subsequent formation of end-on kinetochore-microtubule attachments mediated by the NDC80 complex. Also required for correct spindle orientation. Does not appear to be required for the removal of spindle assembly checkpoint (SAC) proteins from the kinetochore upon bipolar spindle attachment. Acts as an adapter protein linking the dynein motor complex to various cargos and converts dynein from a non-processive to a highly processive motor in the presence of dynactin. Facilitates the interaction between dynein and dynactin and activates dynein processivity (the ability to move along a microtubule for a long distance without falling off the track).",4.35553970630665,"signaling by Rho GTPases","human"
"NDC80","Ndc80",1.57522084933932e-06,1.68008611542345,"NDC80 kinetochore complex component [Source:MGI Symbol;Acc:MGI:1914302]","Retinoblastoma-associated protein HEC; Acts as a component of the essential kinetochore- associated NDC80 complex, which is required for chromosome segregation and spindle checkpoint activity. Required for kinetochore integrity and the organization of stable microtubule binding sites in the outer plate of the kinetochore. The NDC80 complex synergistically enhances the affinity of the SKA1 complex for microtubules and may allow the NDC80 complex to track depolymerizing microtubules. Plays a role in chromosome congression and is essential for the end-on attachment of the kinetochores to spindle microtubules; Belongs to the NDC80/HEC1 family.",4.99407317051366,"signaling by Rho GTPases","human"
"CCP110","Ccp110",6.78027677156626e-05,1.61314581645664,"centriolar coiled coil protein 110 [Source:MGI Symbol;Acc:MGI:2141942]","Centriolar coiled-coil protein of 110 kDa; Necessary for centrosome duplication at different stages of procentriole formation. Acts as a key negative regulator of ciliogenesis in collaboration with CEP97 by capping the mother centriole thereby preventing cilia formation. Also involved in promoting ciliogenesis. May play a role in the assembly of the mother centriole subdistal appendages (SDA) thereby effecting the fusion of recycling endosomes to basal bodies during cilia formation (By similarity). Required for correct spindle formation and has a role in regulating cytokinesis and genome stability via cooperation with CALM1 and CETN2.",3.71093212953881,"signaling by Rho GTPases","human"
"GSK3B","Gsk3b",6.58230958511581e-05,4.47393674745684,"glycogen synthase kinase 3 beta [Source:MGI Symbol;Acc:MGI:1861437]","Serine/threonine-protein kinase GSK3B; Constitutively active protein kinase that acts as a negative regulator in the hormonal control of glucose homeostasis, Wnt signaling and regulation of transcription factors and microtubules, by phosphorylating and inactivating glycogen synthase (GYS1 or GYS2), EIF2B, CTNNB1/beta-catenin, APC, AXIN1, DPYSL2/CRMP2, JUN, NFATC1/NFATC, MAPT/TAU and MACF1. Requires primed phosphorylation of the majority of its substrates. In skeletal muscle, contributes to insulin regulation of glycogen synthesis by phosphorylating and inhibiting GYS1 activity and hence glycogen synthesis. May also mediate the development of insulin resistance by regulating activation of transcription factors. Regulates protein synthesis by controlling the activity of initiation factor 2B (EIF2BE/EIF2B5) in the same manner as glycogen synthase. In Wnt signaling, GSK3B forms a multimeric complex with APC, AXIN1 and CTNNB1/beta-catenin and phosphorylates the N-terminus of CTNNB1 leading to its degradation mediated by ubiquitin/proteasomes. Phosphorylates JUN at sites proximal to its DNA-binding domain, thereby reducing its affinity for DNA. Phosphorylates NFATC1/NFATC on conserved serine residues promoting NFATC1/NFATC nuclear export, shutting off NFATC1/NFATC gene regulation, and thereby opposing the action of calcineurin. Phosphorylates MAPT/TAU on 'Thr-548', decreasing significantly MAPT/TAU ability to bind and stabilize microtubules. MAPT/TAU is the principal component of neurofibrillary tangles in Alzheimer disease. Plays an important role in ERBB2-dependent stabilization of microtubules at the cell cortex. Phosphorylates MACF1, inhibiting its binding to microtubules which is critical for its role in bulge stem cell migration and skin wound repair. Probably regulates NF-kappa-B (NFKB1) at the transcriptional level and is required for the NF-kappa-B-mediated anti-apoptotic response to TNF-alpha (TNF/TNFA). Negatively regulates replication in pancreatic beta-cells, resulting in apoptosis, loss of beta-cells and diabetes. Through phosphorylation of the anti-apoptotic protein MCL1, may control cell apoptosis in response to growth factors deprivation. Phosphorylates MUC1 in breast cancer cells, decreasing the interaction of MUC1 with CTNNB1/beta-catenin. Is necessary for the establishment of neuronal polarity and axon outgrowth. Phosphorylates MARK2, leading to inhibit its activity. Phosphorylates SIK1 at 'Thr-182', leading to sustain its activity. Phosphorylates ZC3HAV1 which enhances its antiviral activity. Phosphorylates SNAI1, leading to its BTRC-triggered ubiquitination and proteasomal degradation. Phosphorylates SFPQ at 'Thr-687' upon T-cell activation. Phosphorylates NR1D1 st 'Ser-55' and 'Ser-59' and stabilizes it by protecting it from proteasomal degradation. Regulates the circadian clock via phosphorylation of the major clock components including ARNTL/BMAL1, CLOCK and PER2. Phosphorylates CLOCK AT 'Ser-427' and targets it for proteasomal degradation. Phosphorylates ARNTL/BMAL1 at 'Ser-17' and 'Ser-21' and primes it for ubiquitination and proteasomal degradation. Phosphorylates OGT at 'Ser-3' or 'Ser-4' which positively regulates its activity. Phosphorylates MYCN in neuroblastoma cells which may promote its degradation; Belongs to the protein kinase superfamily. CMGC Ser/Thr protein kinase family. GSK-3 subfamily.",4.72079836100765,"semaphorin interactions","human"
"FARP2","Farp2",8.54223444113955e-05,2.85924948300893,"FERM, RhoGEF and pleckstrin domain protein 2 [Source:MGI Symbol;Acc:MGI:2385126]","FERM, ARHGEF and pleckstrin domain-containing protein 2; Functions as guanine nucleotide exchange factor that activates RAC1. May have relatively low activity. Plays a role in the response to class 3 semaphorins and remodeling of the actin cytoskeleton. Plays a role in TNFSF11-mediated osteoclast differentiation, especially in podosome rearrangement and reorganization of the actin cytoskeleton. Regulates the activation of ITGB3, integrin signaling and cell adhesion (By similarity); FERM domain containing",3.94310479098613,"semaphorin interactions","human"
"MYH9","Myh9",0.000107510019810883,2.12560671996099,"myosin, heavy polypeptide 9, non-muscle [Source:MGI Symbol;Acc:MGI:107717]","Cellular myosin heavy chain, type A; Cellular myosin that appears to play a role in cytokinesis, cell shape, and specialized functions such as secretion and capping. During cell spreading, plays an important role in cytoskeleton reorganization, focal contacts formation (in the margins but not the central part of spreading cells), and lamellipodial retraction; this function is mechanically antagonized by MYH10; Deafness associated genes",5.03635894127455,"semaphorin interactions","human"
"RHOC","Rhoc",0.000131363047228805,2.00267737339922,"ras homolog family member C [Source:MGI Symbol;Acc:MGI:106028]","Rho-related GTP-binding protein RhoC; Regulates a signal transduction pathway linking plasma membrane receptors to the assembly of focal adhesions and actin stress fibers. Serves as a microtubule-dependent signal that is required for the myosin contractile ring formation during cell cycle cytokinesis. Regulates apical junction formation in bronchial epithelial cells; Rho family GTPases",5.04065454374761,"semaphorin interactions","human"
"MYH10","Myh10",6.78027677156626e-05,1.7645806417312,"myosin, heavy polypeptide 10, non-muscle [Source:MGI Symbol;Acc:MGI:1930780]","Cellular myosin heavy chain, type B; Cellular myosin that appears to play a role in cytokinesis, cell shape, and specialized functions such as secretion and capping. Involved with LARP6 in the stabilization of type I collagen mRNAs for CO1A1 and CO1A2. During cell spreading, plays an important role in cytoskeleton reorganization, focal contacts formation (in the central part but not the margins of spreading cells), and lamellipodial extension; this function is mechanically antagonized by MYH9; Belongs to the TRAFAC class myosin-kinesin ATPase superfamily. Myosin family.",5.23820877284235,"semaphorin interactions","human"
"TLN1","Tln1",8.6079479187219e-05,1.75416072674151,"talin 1 [Source:MGI Symbol;Acc:MGI:1099832]","Talin 1; Probably involved in connections of major cytoskeletal structures to the plasma membrane. High molecular weight cytoskeletal protein concentrated at regions of cell-substratum contact and, in lymphocytes, at cell-cell contacts (By similarity); FERM domain containing",4.68822440535205,"semaphorin interactions","human"
"DPYSL5","Dpysl5",7.89480266988332e-05,1.41376719229363,"dihydropyrimidinase-like 5 [Source:MGI Symbol;Acc:MGI:1929772]","Collapsin response mediator protein 5; May have a function in neuronal differentiation and/or axon growth; Belongs to the metallo-dependent hydrolases superfamily. Hydantoinase/dihydropyrimidinase family.",5.70574436288885,"semaphorin interactions","human"
"STAU2","Stau2",8.54223444113955e-05,3.49361509643205,"staufen double-stranded RNA binding protein 2 [Source:MGI Symbol;Acc:MGI:1352508]","Double-stranded RNA-binding protein Staufen homolog 2; RNA-binding protein required for the microtubule- dependent transport of neuronal RNA from the cell body to the dendrite. As protein synthesis occurs within the dendrite, the localization of specific mRNAs to dendrites may be a prerequisite for neurite outgrowth and plasticity at sites distant from the cell body (By similarity).",4.71450230856008,"cellular mRNA localization","human"
"FUBP3","Fubp3",0.000195195562991615,2.70287883435992,"far upstream element (FUSE) binding protein 3 [Source:MGI Symbol;Acc:MGI:2443699]","Far upstream element (FUSE) binding protein 3; May interact with single-stranded DNA from the far- upstream element (FUSE). May activate gene expression.",5.18471422648619,"cellular mRNA localization","human"
"BICD1","Bicd1",0.00144988375782803,2.53552446355937,"BICD cargo adaptor 1 [Source:MGI Symbol;Acc:MGI:1101760]","Bicaudal D homolog 1 (Drosophila); Regulates coat complex coatomer protein I (COPI)- independent Golgi-endoplasmic reticulum transport by recruiting the dynein-dynactin motor complex; Belongs to the BicD family.",3.98494302673873,"cellular mRNA localization","human"
"STAU1","Stau1",0.000334061721876992,2.2504997099817,"staufen double-stranded RNA binding protein 1 [Source:MGI Symbol;Acc:MGI:1338864]","Double-stranded RNA-binding protein Staufen homolog 1; Binds double-stranded RNA (regardless of the sequence) and tubulin. May play a role in specific positioning of mRNAs at given sites in the cell by cross-linking cytoskeletal and RNA components, and in stimulating their translation at the site; Protein phosphatase 1 regulatory subunits",4.69297523064643,"cellular mRNA localization","human"
"KIF5C","Kif5c",0.000564340366416857,1.14196880185545,"kinesin family member 5C [Source:MGI Symbol;Acc:MGI:1098269]","Kinesin heavy chain neuron-specific 2; Mediates dendritic trafficking of mRNAs (By similarity). Kinesin is a microtubule-associated force-producing protein that may play a role in organelle transport; Belongs to the TRAFAC class myosin-kinesin ATPase superfamily. Kinesin family. Kinesin subfamily.",4.64209708269763,"cellular mRNA localization","human"
"SORD","Sord",5.51351555416968e-05,2.46211840041861,"sorbitol dehydrogenase [Source:MGI Symbol;Acc:MGI:98266]","L-iditol 2-dehydrogenase; Converts sorbitol to fructose. Part of the polyol pathway that plays an important role in sperm physiology. May play a role in the sperm motility by providing an energetic source for sperm; Belongs to the zinc-containing alcohol dehydrogenase family.",4.82683245499132,"pentose/glucuronate interconversions","human"
"AKR1A1","Akr1a1",8.53130144978248e-05,2.03203799544062,"aldo-keto reductase family 1, member A1 (aldehyde reductase) [Source:MGI Symbol;Acc:MGI:1929955]","Aldo-keto reductase family 1, member A1 (aldehyde reductase); Catalyzes the NADPH-dependent reduction of a variety of aromatic and aliphatic aldehydes to their corresponding alcohols. Catalyzes the reduction of mevaldate to mevalonic acid and of glyceraldehyde to glycerol. Has broad substrate specificity. In vitro substrates include succinic semialdehyde, 4- nitrobenzaldehyde, 1,2-naphthoquinone, methylglyoxal, and D- glucuronic acid. Plays a role in the activation of procarcinogens, such as polycyclic aromatic hydrocarbon trans-dihydrodiols, and in the metabolism of various xenobiotics and drugs, including the anthracyclines doxorubicin (DOX) and daunorubicin (DAUN); Aldo-keto reductases",5.8157575972463,"pentose/glucuronate interconversions","human"
"UGDH","Ugdh",0.000372515750858106,1.51747486800663,"UDP-glucose dehydrogenase [Source:MGI Symbol;Acc:MGI:1306785]","UDP-glucose 6-dehydrogenase; Involved in the biosynthesis of glycosaminoglycans; hyaluronan, chondroitin sulfate, and heparan sulfate.",4.99439053804994,"pentose/glucuronate interconversions","human"
"DCXR","Dcxr",0.000535969872866822,1.46960395585103,"dicarbonyl L-xylulose reductase [Source:MGI Symbol;Acc:MGI:1915130]","Short chain dehydrogenase/reductase family 20C member 1; Catalyzes the NADPH-dependent reduction of several pentoses, tetroses, trioses, alpha-dicarbonyl compounds and L- xylulose. Participates in the uronate cycle of glucose metabolism. May play a role in the water absorption and cellular osmoregulation in the proximal renal tubules by producing xylitol, an osmolyte, thereby preventing osmolytic stress from occurring in the renal tubules; Short chain dehydrogenase/reductase superfamily",5.03659562211865,"pentose/glucuronate interconversions","human"
"UGP2","Ugp2",0.00310681990344061,1.37865019567476,"UDP-glucose pyrophosphorylase 2 [Source:MGI Symbol;Acc:MGI:2183447]","UTP--glucose-1-phosphate uridylyltransferase; Plays a central role as a glucosyl donor in cellular metabolic pathways; Belongs to the UDPGP type 1 family.",4.8796296120788,"pentose/glucuronate interconversions","human"
"KRT18","Krt18",7.54590314080346e-05,4.60100301930285,"keratin 18 [Source:MGI Symbol;Acc:MGI:96692]","Cell proliferation-inducing gene 46 protein; Involved in the uptake of thrombin-antithrombin complexes by hepatic cells (By similarity). When phosphorylated, plays a role in filament reorganization. Involved in the delivery of mutated CFTR to the plasma membrane. Together with KRT8, is involved in interleukin-6 (IL-6)-mediated barrier protection; Keratins, type I",5.51625803560997,"intermediate filament","human"
"JUP","Jup",7.54915204049986e-05,4.2130947282311,"junction plakoglobin [Source:MGI Symbol;Acc:MGI:96650]","Junction plakoglobin; Common junctional plaque protein. The membrane- associated plaques are architectural elements in an important strategic position to influence the arrangement and function of both the cytoskeleton and the cells within the tissue. The presence of plakoglobin in both the desmosomes and in the intermediate junctions suggests that it plays a central role in the structure and function of submembranous plaques. Acts as a substrate for VE-PTP and is required by it to stimulate VE- cadherin function in endothelial cells. Can replace beta-catenin in E-cadherin/catenin adhesion complexes which are proposed to couple cadherins to the actin cytoskeleton (By similarity).",4.57137692428394,"intermediate filament","human"
"KRT8","Krt8",6.78027677156626e-05,4.19388162080019,"keratin 8 [Source:MGI Symbol;Acc:MGI:96705]","Keratin, type II cytoskeletal 8; Together with KRT19, helps to link the contractile apparatus to dystrophin at the costameres of striated muscle; Keratins, type II",5.4198692987899,"intermediate filament","human"
"NES","Nes",7.96851706605696e-05,3.54617920791539,"nestin [Source:MGI Symbol;Acc:MGI:101784]","Nestin; Required for brain and eye development. Promotes the disassembly of phosphorylated vimentin intermediate filaments (IF) during mitosis and may play a role in the trafficking and distribution of IF proteins and other cellular factors to daughter cells during progenitor cell division. Required for survival, renewal and mitogen-stimulated proliferation of neural progenitor cells (By similarity).",5.26415336848532,"intermediate filament","human"
"VIM","Vim",5.94906280692749e-05,2.66459621039681,"vimentin [Source:MGI Symbol;Acc:MGI:98932]","Vimentin; Vimentins are class-III intermediate filaments found in various non-epithelial cells, especially mesenchymal cells. Vimentin is attached to the nucleus, endoplasmic reticulum, and mitochondria, either laterally or terminally.",6.58229018937279,"intermediate filament","human"
"DSP","Dsp",6.58230958511581e-05,2.35051778188685,"desmoplakin [Source:MGI Symbol;Acc:MGI:109611]","250/210 kDa paraneoplastic pemphigus antigen; Major high molecular weight protein of desmosomes. Involved in the organization of the desmosomal cadherin- plakoglobin complexes into discrete plasma membrane domains and in the anchoring of intermediate filaments to the desmosomes; Belongs to the plakin or cytolinker family.",3.97018918739283,"intermediate filament","human"
"INA","Ina",7.76111449910504e-05,1.59382267788014,"internexin neuronal intermediate filament protein, alpha [Source:MGI Symbol;Acc:MGI:96568]","Internexin neuronal intermediate filament protein, alpha; Class-IV neuronal intermediate filament that is able to self-assemble. It is involved in the morphogenesis of neurons. It may form an independent structural network without the involvement of other neurofilaments or it may cooperate with NF-L to form the filamentous backbone to which NF-M and NF-H attach to form the cross-bridges.",4.80163999636008,"intermediate filament","human"
"ESYT1","Esyt1",0.000413866130122032,2.9095746815655,"extended synaptotagmin-like protein 1 [Source:MGI Symbol;Acc:MGI:1344426]","Membrane-bound C2 domain-containing protein; Binds glycerophospholipids in a barrel-like domain and may play a role in cellular lipid transport (By similarity). Binds calcium (via the C2 domains) and translocates to sites of contact between the endoplasmic reticulum and the cell membrane in response to increased cytosolic calcium levels. Helps tether the endoplasmic reticulum to the cell membrane and promotes the formation of appositions between the endoplasmic reticulum and the cell membrane; Belongs to the extended synaptotagmin family.",4.7314526487768,"sphingolipid metabolism","human"
"SMPD4","Smpd4",0.000462104794438316,2.66933358841023,"sphingomyelin phosphodiesterase 4 [Source:MGI Symbol;Acc:MGI:1924876]","Sphingomyelin phosphodiesterase 4, neutral membrane (neutral sphingomyelinase-3); Catalyzes the hydrolysis of membrane sphingomyelin to form phosphorylcholine and ceramide.",4.42908182135206,"sphingolipid metabolism","human"
"CERS2","Cers2",0.000575211230901042,1.86594687933481,"ceramide synthase 2 [Source:MGI Symbol;Acc:MGI:1924143]","Tumor metastasis-suppressor gene 1 protein; Suppresses the growth of cancer cells. May be involved in sphingolipid synthesis; CERS class homeoboxes",4.67221731691506,"sphingolipid metabolism","human"
"SPTLC1","Sptlc1",0.000715226460770839,1.35434442651543,"serine palmitoyltransferase, long chain base subunit 1 [Source:MGI Symbol;Acc:MGI:1099431]","Serine palmitoyltransferase, long chain base subunit 1; Serine palmitoyltransferase (SPT). The heterodimer formed with SPTLC2 or SPTLC3 constitutes the catalytic core. The composition of the serine palmitoyltransferase (SPT) complex determines the substrate preference. The SPTLC1-SPTLC2-SPTSSA complex shows a strong preference for C16-CoA substrate, while the SPTLC1-SPTLC3-SPTSSA isozyme uses both C14-CoA and C16-CoA as substrates, with a slight preference for C14-CoA. The SPTLC1- SPTLC2-SPTSSB complex shows a strong preference for C18-CoA substrate, while the SPTLC1-SPTLC3-SPTSSB isozyme displays an ability to use a broader range of acyl-CoAs, without apparent preference.",4.5465392648958,"sphingolipid metabolism","human"
"GLB1","Glb1",0.000308075319467147,1.23037740739134,"galactosidase, beta 1 [Source:MGI Symbol;Acc:MGI:88151]","Acid beta-galactosidase; Cleaves beta-linked terminal galactosyl residues from gangliosides, glycoproteins, and glycosaminoglycans; Belongs to the glycosyl hydrolase 35 family.",4.49192305155026,"sphingolipid metabolism","human"
"HEXB","Hexb",0.000477711092039549,1.12757899086745,"hexosaminidase B [Source:MGI Symbol;Acc:MGI:96074]","N-acetyl-beta-glucosaminidase subunit beta; Responsible for the degradation of GM2 gangliosides, and a variety of other molecules containing terminal N-acetyl hexosamines, in the brain and other tissues; Belongs to the glycosyl hydrolase 20 family.",4.69997053408256,"sphingolipid metabolism","human"
"PSAP","Psap",0.000101477662298975,1.06379165909488,"prosaposin [Source:MGI Symbol;Acc:MGI:97783]","Proactivator polypeptide; Saposins are specific low-molecular mass non-enzymic proteins, they participate in the lysosomal degradation of sphingolipids, which takes place by the sequential action of specific hydrolases; Endogenous ligands",5.55629283595969,"sphingolipid metabolism","human"
